Model,Accuracy,Precision,Recall,F1 Score,ROC AUC
Random Forest,0.8706574024585783,0.7,0.2896551724137931,0.4097560975609756,0.7789973609020916
Logistic Regression,0.8727952966328166,0.6911764705882353,0.32413793103448274,0.4413145539906103,0.7677877380095531
SVM,0.8738642437199359,0.7288135593220338,0.296551724137931,0.4215686274509804,0.7644528779253636
XGBoost,0.8669160876536611,0.6474820143884892,0.3103448275862069,0.4195804195804196,0.7556391633405308
Decision Tree,0.7862105825761625,0.328125,0.3620689655172414,0.3442622950819672,0.6130395428471722
Naive Bayes,0.17637626937466597,0.15346260387811633,0.9551724137931035,0.26443914081145586,0.517556544308491
