Model,Accuracy,ROC AUC
Tuned SVM,0.8492784607161945,0.7707670832515431
Tuned XGBoost,0.8268305718866916,0.7896180941787171
